Feature,Importance,SKU,Iteration
order_interval,0.8365146487411468,df_47_comsubs_850030796349,33_comsub_M_NRP2_NSF_NHF_NSto_Nhub_NMS_AP2+23+03+30+24+08+30
age,0.12775258651396787,df_47_comsubs_850030796349,33_comsub_M_NRP2_NSF_NHF_NSto_Nhub_NMS_AP2+23+03+30+24+08+30
reg_week_of_year,0.014311219628210059,df_47_comsubs_850030796349,33_comsub_M_NRP2_NSF_NHF_NSto_Nhub_NMS_AP2+23+03+30+24+08+30
reg_day_of_year,0.010989641906376878,df_47_comsubs_850030796349,33_comsub_M_NRP2_NSF_NHF_NSto_Nhub_NMS_AP2+23+03+30+24+08+30
reg_month,0.010431903210298375,df_47_comsubs_850030796349,33_comsub_M_NRP2_NSF_NHF_NSto_Nhub_NMS_AP2+23+03+30+24+08+30
reg_year,0.0,df_47_comsubs_850030796349,33_comsub_M_NRP2_NSF_NHF_NSto_Nhub_NMS_AP2+23+03+30+24+08+30
reg_week_of_year,0.2594075929730143,df_52_comsubs_COLLPOWSHOTBNDL,33_comsub_M_NRP2_NSF_NHF_NSto_Nhub_NMS_AP2+23+03+30+24+08+30
reg_month,0.23571356822507677,df_52_comsubs_COLLPOWSHOTBNDL,33_comsub_M_NRP2_NSF_NHF_NSto_Nhub_NMS_AP2+23+03+30+24+08+30
reg_year,0.20723868133315818,df_52_comsubs_COLLPOWSHOTBNDL,33_comsub_M_NRP2_NSF_NHF_NSto_Nhub_NMS_AP2+23+03+30+24+08+30
reg_day_of_year,0.18324056022347607,df_52_comsubs_COLLPOWSHOTBNDL,33_comsub_M_NRP2_NSF_NHF_NSto_Nhub_NMS_AP2+23+03+30+24+08+30
age,0.11164329764594462,df_52_comsubs_COLLPOWSHOTBNDL,33_comsub_M_NRP2_NSF_NHF_NSto_Nhub_NMS_AP2+23+03+30+24+08+30
order_interval,0.0027562995993299757,df_52_comsubs_COLLPOWSHOTBNDL,33_comsub_M_NRP2_NSF_NHF_NSto_Nhub_NMS_AP2+23+03+30+24+08+30
age,0.7945379362198461,df_56_comsubs_PR300BOTTLE-B,33_comsub_M_NRP2_NSF_NHF_NSto_Nhub_NMS_AP2+23+03+30+24+08+30
reg_month,0.1090973293074928,df_56_comsubs_PR300BOTTLE-B,33_comsub_M_NRP2_NSF_NHF_NSto_Nhub_NMS_AP2+23+03+30+24+08+30
reg_day_of_year,0.08867362307878845,df_56_comsubs_PR300BOTTLE-B,33_comsub_M_NRP2_NSF_NHF_NSto_Nhub_NMS_AP2+23+03+30+24+08+30
reg_year,0.0076911113938725635,df_56_comsubs_PR300BOTTLE-B,33_comsub_M_NRP2_NSF_NHF_NSto_Nhub_NMS_AP2+23+03+30+24+08+30
reg_week_of_year,0.0,df_56_comsubs_PR300BOTTLE-B,33_comsub_M_NRP2_NSF_NHF_NSto_Nhub_NMS_AP2+23+03+30+24+08+30
order_interval,0.0,df_56_comsubs_PR300BOTTLE-B,33_comsub_M_NRP2_NSF_NHF_NSto_Nhub_NMS_AP2+23+03+30+24+08+30
age,0.29846569985418864,df_18_comsubs_850243008888,34_comsub_M_NRP2_YSF_YHF_NSto_Nhub_NMS_AP2+23+03+30+24+08+30
reg_year,0.2944770445358152,df_18_comsubs_850243008888,34_comsub_M_NRP2_YSF_YHF_NSto_Nhub_NMS_AP2+23+03+30+24+08+30
order_interval,0.28184322151586955,df_18_comsubs_850243008888,34_comsub_M_NRP2_YSF_YHF_NSto_Nhub_NMS_AP2+23+03+30+24+08+30
reg_month,0.03855795841124167,df_18_comsubs_850243008888,34_comsub_M_NRP2_YSF_YHF_NSto_Nhub_NMS_AP2+23+03+30+24+08+30
reg_week_of_year,0.036651988218996165,df_18_comsubs_850243008888,34_comsub_M_NRP2_YSF_YHF_NSto_Nhub_NMS_AP2+23+03+30+24+08+30
reg_day_of_year,0.03140701719056603,df_18_comsubs_850243008888,34_comsub_M_NRP2_YSF_YHF_NSto_Nhub_NMS_AP2+23+03+30+24+08+30
holiday_flag,0.011984171398264668,df_18_comsubs_850243008888,34_comsub_M_NRP2_YSF_YHF_NSto_Nhub_NMS_AP2+23+03+30+24+08+30
sales_flag,0.006612898875058089,df_18_comsubs_850243008888,34_comsub_M_NRP2_YSF_YHF_NSto_Nhub_NMS_AP2+23+03+30+24+08+30
reg_day_of_year,0.19025428126318608,df_54_comsubs_PRCollagen,34_comsub_M_NRP2_YSF_YHF_NSto_Nhub_NMS_AP2+23+03+30+24+08+30
reg_week_of_year,0.18726080980996168,df_54_comsubs_PRCollagen,34_comsub_M_NRP2_YSF_YHF_NSto_Nhub_NMS_AP2+23+03+30+24+08+30
age,0.17650207000277462,df_54_comsubs_PRCollagen,34_comsub_M_NRP2_YSF_YHF_NSto_Nhub_NMS_AP2+23+03+30+24+08+30
order_interval,0.1464536608455261,df_54_comsubs_PRCollagen,34_comsub_M_NRP2_YSF_YHF_NSto_Nhub_NMS_AP2+23+03+30+24+08+30
reg_year,0.1415328205662944,df_54_comsubs_PRCollagen,34_comsub_M_NRP2_YSF_YHF_NSto_Nhub_NMS_AP2+23+03+30+24+08+30
reg_month,0.11192296491781423,df_54_comsubs_PRCollagen,34_comsub_M_NRP2_YSF_YHF_NSto_Nhub_NMS_AP2+23+03+30+24+08+30
holiday_flag,0.03902415338231049,df_54_comsubs_PRCollagen,34_comsub_M_NRP2_YSF_YHF_NSto_Nhub_NMS_AP2+23+03+30+24+08+30
sales_flag,0.007049239212132442,df_54_comsubs_PRCollagen,34_comsub_M_NRP2_YSF_YHF_NSto_Nhub_NMS_AP2+23+03+30+24+08+30
age,0.34697885297249814,df_21_comsubs_850243008598,40_comsub_M_NRP1_NSF_NHF_NSto_Nhub_YMS+PRS_AP2+23+03+30+24+08+30
order_interval,0.304614617567214,df_21_comsubs_850243008598,40_comsub_M_NRP1_NSF_NHF_NSto_Nhub_YMS+PRS_AP2+23+03+30+24+08+30
promotional_spends,0.14333733629069678,df_21_comsubs_850243008598,40_comsub_M_NRP1_NSF_NHF_NSto_Nhub_YMS+PRS_AP2+23+03+30+24+08+30
reg_day_of_year,0.06643713508691963,df_21_comsubs_850243008598,40_comsub_M_NRP1_NSF_NHF_NSto_Nhub_YMS+PRS_AP2+23+03+30+24+08+30
reg_month,0.05535077320296862,df_21_comsubs_850243008598,40_comsub_M_NRP1_NSF_NHF_NSto_Nhub_YMS+PRS_AP2+23+03+30+24+08+30
reg_week_of_year,0.05104467653396325,df_21_comsubs_850243008598,40_comsub_M_NRP1_NSF_NHF_NSto_Nhub_YMS+PRS_AP2+23+03+30+24+08+30
reg_year,0.03223660834573959,df_21_comsubs_850243008598,40_comsub_M_NRP1_NSF_NHF_NSto_Nhub_YMS+PRS_AP2+23+03+30+24+08+30
promotional_spends,0.42749338090106737,df_35_comsubs_850243008192,40_comsub_M_NRP1_NSF_NHF_NSto_Nhub_YMS+PRS_AP2+23+03+30+24+08+30
order_interval,0.1969524404635986,df_35_comsubs_850243008192,40_comsub_M_NRP1_NSF_NHF_NSto_Nhub_YMS+PRS_AP2+23+03+30+24+08+30
reg_day_of_year,0.1045122827302292,df_35_comsubs_850243008192,40_comsub_M_NRP1_NSF_NHF_NSto_Nhub_YMS+PRS_AP2+23+03+30+24+08+30
reg_week_of_year,0.08322118785739664,df_35_comsubs_850243008192,40_comsub_M_NRP1_NSF_NHF_NSto_Nhub_YMS+PRS_AP2+23+03+30+24+08+30
reg_month,0.07819643921117159,df_35_comsubs_850243008192,40_comsub_M_NRP1_NSF_NHF_NSto_Nhub_YMS+PRS_AP2+23+03+30+24+08+30
age,0.06192979555029167,df_35_comsubs_850243008192,40_comsub_M_NRP1_NSF_NHF_NSto_Nhub_YMS+PRS_AP2+23+03+30+24+08+30
reg_year,0.04769447328624503,df_35_comsubs_850243008192,40_comsub_M_NRP1_NSF_NHF_NSto_Nhub_YMS+PRS_AP2+23+03+30+24+08+30
promotional_spends,0.5640747628655093,df_44_comsubs_3xTongkat,40_comsub_M_NRP1_NSF_NHF_NSto_Nhub_YMS+PRS_AP2+23+03+30+24+08+30
order_interval,0.2141703663469421,df_44_comsubs_3xTongkat,40_comsub_M_NRP1_NSF_NHF_NSto_Nhub_YMS+PRS_AP2+23+03+30+24+08+30
reg_day_of_year,0.04784295331379397,df_44_comsubs_3xTongkat,40_comsub_M_NRP1_NSF_NHF_NSto_Nhub_YMS+PRS_AP2+23+03+30+24+08+30
reg_year,0.04762705118091612,df_44_comsubs_3xTongkat,40_comsub_M_NRP1_NSF_NHF_NSto_Nhub_YMS+PRS_AP2+23+03+30+24+08+30
reg_week_of_year,0.045625525926854954,df_44_comsubs_3xTongkat,40_comsub_M_NRP1_NSF_NHF_NSto_Nhub_YMS+PRS_AP2+23+03+30+24+08+30
reg_month,0.04260156506635513,df_44_comsubs_3xTongkat,40_comsub_M_NRP1_NSF_NHF_NSto_Nhub_YMS+PRS_AP2+23+03+30+24+08+30
age,0.03805777529962859,df_44_comsubs_3xTongkat,40_comsub_M_NRP1_NSF_NHF_NSto_Nhub_YMS+PRS_AP2+23+03+30+24+08+30
platform_spends,0.37576021505880497,df_16_comsubs_850030796134,41_comsub_M_NRP1_NSF_NHF_NSto_Nhub_YMS+PLS_AP2+23+03+30+24+08+30
order_interval,0.25210628000263136,df_16_comsubs_850030796134,41_comsub_M_NRP1_NSF_NHF_NSto_Nhub_YMS+PLS_AP2+23+03+30+24+08+30
age,0.11201211239716694,df_16_comsubs_850030796134,41_comsub_M_NRP1_NSF_NHF_NSto_Nhub_YMS+PLS_AP2+23+03+30+24+08+30
reg_year,0.09745172236633678,df_16_comsubs_850030796134,41_comsub_M_NRP1_NSF_NHF_NSto_Nhub_YMS+PLS_AP2+23+03+30+24+08+30
reg_month,0.05525873757922125,df_16_comsubs_850030796134,41_comsub_M_NRP1_NSF_NHF_NSto_Nhub_YMS+PLS_AP2+23+03+30+24+08+30
reg_week_of_year,0.054076083307064975,df_16_comsubs_850030796134,41_comsub_M_NRP1_NSF_NHF_NSto_Nhub_YMS+PLS_AP2+23+03+30+24+08+30
reg_day_of_year,0.05333484928877387,df_16_comsubs_850030796134,41_comsub_M_NRP1_NSF_NHF_NSto_Nhub_YMS+PLS_AP2+23+03+30+24+08+30
age,0.26838753585277786,df_48_comsubs_PRSTARTER5,46_comsub_M_NRP2_YSF_YHF_YSto_Yhub_NMS_AP2+23+03+30+24+08+30
order_interval,0.25070839819502244,df_48_comsubs_PRSTARTER5,46_comsub_M_NRP2_YSF_YHF_YSto_Yhub_NMS_AP2+23+03+30+24+08+30
negative_effect,0.15530926356089106,df_48_comsubs_PRSTARTER5,46_comsub_M_NRP2_YSF_YHF_YSto_Yhub_NMS_AP2+23+03+30+24+08+30
holiday_flag,0.09563720795166172,df_48_comsubs_PRSTARTER5,46_comsub_M_NRP2_YSF_YHF_YSto_Yhub_NMS_AP2+23+03+30+24+08+30
reg_week_of_year,0.06844995429533025,df_48_comsubs_PRSTARTER5,46_comsub_M_NRP2_YSF_YHF_YSto_Yhub_NMS_AP2+23+03+30+24+08+30
reg_day_of_year,0.06270826004902204,df_48_comsubs_PRSTARTER5,46_comsub_M_NRP2_YSF_YHF_YSto_Yhub_NMS_AP2+23+03+30+24+08+30
reg_month,0.05438485774624688,df_48_comsubs_PRSTARTER5,46_comsub_M_NRP2_YSF_YHF_YSto_Yhub_NMS_AP2+23+03+30+24+08+30
reg_year,0.03763212597391583,df_48_comsubs_PRSTARTER5,46_comsub_M_NRP2_YSF_YHF_YSto_Yhub_NMS_AP2+23+03+30+24+08+30
sales_flag,0.006782396375131991,df_48_comsubs_PRSTARTER5,46_comsub_M_NRP2_YSF_YHF_YSto_Yhub_NMS_AP2+23+03+30+24+08+30
stockout_flag,0.0,df_48_comsubs_PRSTARTER5,46_comsub_M_NRP2_YSF_YHF_YSto_Yhub_NMS_AP2+23+03+30+24+08+30
promotional_spends,0.20679200889683427,df_29_comsubs_850030796196,47_comsub_M_NRP2_YSF_YHF_YSto_Yhub_YMS+PRS_AP2+23+03+30+24+08+30
order_interval,0.20341985759726103,df_29_comsubs_850030796196,47_comsub_M_NRP2_YSF_YHF_YSto_Yhub_YMS+PRS_AP2+23+03+30+24+08+30
negative_effect,0.12522000458506188,df_29_comsubs_850030796196,47_comsub_M_NRP2_YSF_YHF_YSto_Yhub_YMS+PRS_AP2+23+03+30+24+08+30
reg_week_of_year,0.10197181967899174,df_29_comsubs_850030796196,47_comsub_M_NRP2_YSF_YHF_YSto_Yhub_YMS+PRS_AP2+23+03+30+24+08+30
reg_month,0.0966094859186802,df_29_comsubs_850030796196,47_comsub_M_NRP2_YSF_YHF_YSto_Yhub_YMS+PRS_AP2+23+03+30+24+08+30
reg_day_of_year,0.0912850096330496,df_29_comsubs_850030796196,47_comsub_M_NRP2_YSF_YHF_YSto_Yhub_YMS+PRS_AP2+23+03+30+24+08+30
age,0.07640062798785933,df_29_comsubs_850030796196,47_comsub_M_NRP2_YSF_YHF_YSto_Yhub_YMS+PRS_AP2+23+03+30+24+08+30
holiday_flag,0.048763681280723906,df_29_comsubs_850030796196,47_comsub_M_NRP2_YSF_YHF_YSto_Yhub_YMS+PRS_AP2+23+03+30+24+08+30
reg_year,0.04450163666301893,df_29_comsubs_850030796196,47_comsub_M_NRP2_YSF_YHF_YSto_Yhub_YMS+PRS_AP2+23+03+30+24+08+30
sales_flag,0.005035867758519055,df_29_comsubs_850030796196,47_comsub_M_NRP2_YSF_YHF_YSto_Yhub_YMS+PRS_AP2+23+03+30+24+08+30
stockout_flag,0.0,df_29_comsubs_850030796196,47_comsub_M_NRP2_YSF_YHF_YSto_Yhub_YMS+PRS_AP2+23+03+30+24+08+30
age,0.33538224276150114,df_17_comsubs_850030796288,48_comsub_M_NRP2_YSF_YHF_YSto_Yhub_YMS+PLS_AP2+23+03+30+24+08+30
platform_spends,0.26453607690719433,df_17_comsubs_850030796288,48_comsub_M_NRP2_YSF_YHF_YSto_Yhub_YMS+PLS_AP2+23+03+30+24+08+30
order_interval,0.2598994700414219,df_17_comsubs_850030796288,48_comsub_M_NRP2_YSF_YHF_YSto_Yhub_YMS+PLS_AP2+23+03+30+24+08+30
reg_day_of_year,0.03580857402761715,df_17_comsubs_850030796288,48_comsub_M_NRP2_YSF_YHF_YSto_Yhub_YMS+PLS_AP2+23+03+30+24+08+30
reg_week_of_year,0.03328465307816449,df_17_comsubs_850030796288,48_comsub_M_NRP2_YSF_YHF_YSto_Yhub_YMS+PLS_AP2+23+03+30+24+08+30
negative_effect,0.028120613965679466,df_17_comsubs_850030796288,48_comsub_M_NRP2_YSF_YHF_YSto_Yhub_YMS+PLS_AP2+23+03+30+24+08+30
reg_month,0.02106670946077076,df_17_comsubs_850030796288,48_comsub_M_NRP2_YSF_YHF_YSto_Yhub_YMS+PLS_AP2+23+03+30+24+08+30
holiday_flag,0.010422574598419825,df_17_comsubs_850030796288,48_comsub_M_NRP2_YSF_YHF_YSto_Yhub_YMS+PLS_AP2+23+03+30+24+08+30
sales_flag,0.006204176022197001,df_17_comsubs_850030796288,48_comsub_M_NRP2_YSF_YHF_YSto_Yhub_YMS+PLS_AP2+23+03+30+24+08+30
reg_year,0.005274909137034057,df_17_comsubs_850030796288,48_comsub_M_NRP2_YSF_YHF_YSto_Yhub_YMS+PLS_AP2+23+03+30+24+08+30
stockout_flag,0.0,df_17_comsubs_850030796288,48_comsub_M_NRP2_YSF_YHF_YSto_Yhub_YMS+PLS_AP2+23+03+30+24+08+30
age,0.2077928728293521,df_51_comsubs_PRLEVELUPWBB,48_comsub_M_NRP2_YSF_YHF_YSto_Yhub_YMS+PLS_AP2+23+03+30+24+08+30
order_interval,0.18856124103870517,df_51_comsubs_PRLEVELUPWBB,48_comsub_M_NRP2_YSF_YHF_YSto_Yhub_YMS+PLS_AP2+23+03+30+24+08+30
platform_spends,0.13007918654706033,df_51_comsubs_PRLEVELUPWBB,48_comsub_M_NRP2_YSF_YHF_YSto_Yhub_YMS+PLS_AP2+23+03+30+24+08+30
reg_day_of_year,0.09826019975009442,df_51_comsubs_PRLEVELUPWBB,48_comsub_M_NRP2_YSF_YHF_YSto_Yhub_YMS+PLS_AP2+23+03+30+24+08+30
reg_week_of_year,0.09710150026666522,df_51_comsubs_PRLEVELUPWBB,48_comsub_M_NRP2_YSF_YHF_YSto_Yhub_YMS+PLS_AP2+23+03+30+24+08+30
reg_month,0.09632200260595462,df_51_comsubs_PRLEVELUPWBB,48_comsub_M_NRP2_YSF_YHF_YSto_Yhub_YMS+PLS_AP2+23+03+30+24+08+30
negative_effect,0.0672988905866761,df_51_comsubs_PRLEVELUPWBB,48_comsub_M_NRP2_YSF_YHF_YSto_Yhub_YMS+PLS_AP2+23+03+30+24+08+30
holiday_flag,0.06715475804876779,df_51_comsubs_PRLEVELUPWBB,48_comsub_M_NRP2_YSF_YHF_YSto_Yhub_YMS+PLS_AP2+23+03+30+24+08+30
sales_flag,0.024573259029413683,df_51_comsubs_PRLEVELUPWBB,48_comsub_M_NRP2_YSF_YHF_YSto_Yhub_YMS+PLS_AP2+23+03+30+24+08+30
reg_year,0.022856089297310506,df_51_comsubs_PRLEVELUPWBB,48_comsub_M_NRP2_YSF_YHF_YSto_Yhub_YMS+PLS_AP2+23+03+30+24+08+30
stockout_flag,0.0,df_51_comsubs_PRLEVELUPWBB,48_comsub_M_NRP2_YSF_YHF_YSto_Yhub_YMS+PLS_AP2+23+03+30+24+08+30
promotional_spends,0.41969997055071395,df_20_comsubs_850030796011,51_comsub_M_NRP1_NSF_NHF_YSto_Nhub_YMS+PRS_AP2+23+03+30+24+08+30
age,0.2476979043846687,df_20_comsubs_850030796011,51_comsub_M_NRP1_NSF_NHF_YSto_Nhub_YMS+PRS_AP2+23+03+30+24+08+30
order_interval,0.15248544326306657,df_20_comsubs_850030796011,51_comsub_M_NRP1_NSF_NHF_YSto_Nhub_YMS+PRS_AP2+23+03+30+24+08+30
reg_day_of_year,0.050380314814270105,df_20_comsubs_850030796011,51_comsub_M_NRP1_NSF_NHF_YSto_Nhub_YMS+PRS_AP2+23+03+30+24+08+30
reg_year,0.04711226278598901,df_20_comsubs_850030796011,51_comsub_M_NRP1_NSF_NHF_YSto_Nhub_YMS+PRS_AP2+23+03+30+24+08+30
reg_week_of_year,0.042165733272800654,df_20_comsubs_850030796011,51_comsub_M_NRP1_NSF_NHF_YSto_Nhub_YMS+PRS_AP2+23+03+30+24+08+30
reg_month,0.04045837092849111,df_20_comsubs_850030796011,51_comsub_M_NRP1_NSF_NHF_YSto_Nhub_YMS+PRS_AP2+23+03+30+24+08+30
stockout_flag,0.0,df_20_comsubs_850030796011,51_comsub_M_NRP1_NSF_NHF_YSto_Nhub_YMS+PRS_AP2+23+03+30+24+08+30
promotional_spends,0.39393045525326964,df_23_comsubs_850243008901,51_comsub_M_NRP1_NSF_NHF_YSto_Nhub_YMS+PRS_AP2+23+03+30+24+08+30
order_interval,0.2339300894461991,df_23_comsubs_850243008901,51_comsub_M_NRP1_NSF_NHF_YSto_Nhub_YMS+PRS_AP2+23+03+30+24+08+30
age,0.1372508921583618,df_23_comsubs_850243008901,51_comsub_M_NRP1_NSF_NHF_YSto_Nhub_YMS+PRS_AP2+23+03+30+24+08+30
reg_year,0.1279667872808419,df_23_comsubs_850243008901,51_comsub_M_NRP1_NSF_NHF_YSto_Nhub_YMS+PRS_AP2+23+03+30+24+08+30
reg_week_of_year,0.04280829682682435,df_23_comsubs_850243008901,51_comsub_M_NRP1_NSF_NHF_YSto_Nhub_YMS+PRS_AP2+23+03+30+24+08+30
reg_month,0.03544647871701854,df_23_comsubs_850243008901,51_comsub_M_NRP1_NSF_NHF_YSto_Nhub_YMS+PRS_AP2+23+03+30+24+08+30
reg_day_of_year,0.02866700031748473,df_23_comsubs_850243008901,51_comsub_M_NRP1_NSF_NHF_YSto_Nhub_YMS+PRS_AP2+23+03+30+24+08+30
stockout_flag,0.0,df_23_comsubs_850243008901,51_comsub_M_NRP1_NSF_NHF_YSto_Nhub_YMS+PRS_AP2+23+03+30+24+08+30
order_interval,0.30585011457039263,df_11_comsubs_850030796165,53_comsub_M_NRP1_NSF_NHF_YSto_Nhub_YMS+PRS+PLS_AP2+23+03+30+24+08+30
age,0.2036616208092111,df_11_comsubs_850030796165,53_comsub_M_NRP1_NSF_NHF_YSto_Nhub_YMS+PRS+PLS_AP2+23+03+30+24+08+30
platform_spends,0.18254972394005442,df_11_comsubs_850030796165,53_comsub_M_NRP1_NSF_NHF_YSto_Nhub_YMS+PRS+PLS_AP2+23+03+30+24+08+30
reg_year,0.07330116329000712,df_11_comsubs_850030796165,53_comsub_M_NRP1_NSF_NHF_YSto_Nhub_YMS+PRS+PLS_AP2+23+03+30+24+08+30
reg_month,0.06811198738632876,df_11_comsubs_850030796165,53_comsub_M_NRP1_NSF_NHF_YSto_Nhub_YMS+PRS+PLS_AP2+23+03+30+24+08+30
reg_day_of_year,0.06149884944650069,df_11_comsubs_850030796165,53_comsub_M_NRP1_NSF_NHF_YSto_Nhub_YMS+PRS+PLS_AP2+23+03+30+24+08+30
promotional_spends,0.05985585528310013,df_11_comsubs_850030796165,53_comsub_M_NRP1_NSF_NHF_YSto_Nhub_YMS+PRS+PLS_AP2+23+03+30+24+08+30
reg_week_of_year,0.04517068527440512,df_11_comsubs_850030796165,53_comsub_M_NRP1_NSF_NHF_YSto_Nhub_YMS+PRS+PLS_AP2+23+03+30+24+08+30
stockout_flag,0.0,df_11_comsubs_850030796165,53_comsub_M_NRP1_NSF_NHF_YSto_Nhub_YMS+PRS+PLS_AP2+23+03+30+24+08+30
order_interval,0.4596944686690836,df_22_comsubs_850030796158,53_comsub_M_NRP1_NSF_NHF_YSto_Nhub_YMS+PRS+PLS_AP2+23+03+30+24+08+30
age,0.3607052190073126,df_22_comsubs_850030796158,53_comsub_M_NRP1_NSF_NHF_YSto_Nhub_YMS+PRS+PLS_AP2+23+03+30+24+08+30
platform_spends,0.03956074607938829,df_22_comsubs_850030796158,53_comsub_M_NRP1_NSF_NHF_YSto_Nhub_YMS+PRS+PLS_AP2+23+03+30+24+08+30
reg_week_of_year,0.036026268600451626,df_22_comsubs_850030796158,53_comsub_M_NRP1_NSF_NHF_YSto_Nhub_YMS+PRS+PLS_AP2+23+03+30+24+08+30
promotional_spends,0.034347213167831736,df_22_comsubs_850030796158,53_comsub_M_NRP1_NSF_NHF_YSto_Nhub_YMS+PRS+PLS_AP2+23+03+30+24+08+30
reg_day_of_year,0.029404462758470192,df_22_comsubs_850030796158,53_comsub_M_NRP1_NSF_NHF_YSto_Nhub_YMS+PRS+PLS_AP2+23+03+30+24+08+30
reg_year,0.021221690053704036,df_22_comsubs_850030796158,53_comsub_M_NRP1_NSF_NHF_YSto_Nhub_YMS+PRS+PLS_AP2+23+03+30+24+08+30
reg_month,0.01903993166375797,df_22_comsubs_850030796158,53_comsub_M_NRP1_NSF_NHF_YSto_Nhub_YMS+PRS+PLS_AP2+23+03+30+24+08+30
stockout_flag,0.0,df_22_comsubs_850030796158,53_comsub_M_NRP1_NSF_NHF_YSto_Nhub_YMS+PRS+PLS_AP2+23+03+30+24+08+30
age,0.4933291227916024,df_55_comsubs_DM2MIX12,67_comsub_M_NRP2_YSF_YHF_NSto_Yhub_NMS_AP2+23+07+30+24+08+30
reg_day_of_year,0.17917388250207358,df_55_comsubs_DM2MIX12,67_comsub_M_NRP2_YSF_YHF_NSto_Yhub_NMS_AP2+23+07+30+24+08+30
reg_week_of_year,0.1310643186895011,df_55_comsubs_DM2MIX12,67_comsub_M_NRP2_YSF_YHF_NSto_Yhub_NMS_AP2+23+07+30+24+08+30
reg_month,0.12907282450405555,df_55_comsubs_DM2MIX12,67_comsub_M_NRP2_YSF_YHF_NSto_Yhub_NMS_AP2+23+07+30+24+08+30
order_interval,0.03560475582627191,df_55_comsubs_DM2MIX12,67_comsub_M_NRP2_YSF_YHF_NSto_Yhub_NMS_AP2+23+07+30+24+08+30
negative_effect,0.02218781414155184,df_55_comsubs_DM2MIX12,67_comsub_M_NRP2_YSF_YHF_NSto_Yhub_NMS_AP2+23+07+30+24+08+30
reg_year,0.009567281544943749,df_55_comsubs_DM2MIX12,67_comsub_M_NRP2_YSF_YHF_NSto_Yhub_NMS_AP2+23+07+30+24+08+30
sales_flag,0.0,df_55_comsubs_DM2MIX12,67_comsub_M_NRP2_YSF_YHF_NSto_Yhub_NMS_AP2+23+07+30+24+08+30
holiday_flag,0.0,df_55_comsubs_DM2MIX12,67_comsub_M_NRP2_YSF_YHF_NSto_Yhub_NMS_AP2+23+07+30+24+08+30
promotional_spends,0.32411053911368215,df_15_comsubs_850243008932,68_comsub_M_NRP2_YSF_YHF_NSto_Yhub_YMS+PRS_AP2+23+07+30+24+08+30
order_interval,0.25779991813027886,df_15_comsubs_850243008932,68_comsub_M_NRP2_YSF_YHF_NSto_Yhub_YMS+PRS_AP2+23+07+30+24+08+30
negative_effect,0.1366349681904854,df_15_comsubs_850243008932,68_comsub_M_NRP2_YSF_YHF_NSto_Yhub_YMS+PRS_AP2+23+07+30+24+08+30
reg_year,0.11208942281736775,df_15_comsubs_850243008932,68_comsub_M_NRP2_YSF_YHF_NSto_Yhub_YMS+PRS_AP2+23+07+30+24+08+30
age,0.07274350633314054,df_15_comsubs_850243008932,68_comsub_M_NRP2_YSF_YHF_NSto_Yhub_YMS+PRS_AP2+23+07+30+24+08+30
reg_week_of_year,0.03402480849121594,df_15_comsubs_850243008932,68_comsub_M_NRP2_YSF_YHF_NSto_Yhub_YMS+PRS_AP2+23+07+30+24+08+30
reg_day_of_year,0.033541894123808126,df_15_comsubs_850243008932,68_comsub_M_NRP2_YSF_YHF_NSto_Yhub_YMS+PRS_AP2+23+07+30+24+08+30
reg_month,0.023458457342660177,df_15_comsubs_850243008932,68_comsub_M_NRP2_YSF_YHF_NSto_Yhub_YMS+PRS_AP2+23+07+30+24+08+30
holiday_flag,0.002861360083043516,df_15_comsubs_850243008932,68_comsub_M_NRP2_YSF_YHF_NSto_Yhub_YMS+PRS_AP2+23+07+30+24+08+30
sales_flag,0.002735125374317583,df_15_comsubs_850243008932,68_comsub_M_NRP2_YSF_YHF_NSto_Yhub_YMS+PRS_AP2+23+07+30+24+08+30
order_interval,0.4034375529581005,df_05_comsubs_850030796035,70_comsub_M_NRP2_YSF_YHF_NSto_Yhub_YMS+PRS+PLS_AP2+23+07+30+24+08+30
age,0.2265650525217406,df_05_comsubs_850030796035,70_comsub_M_NRP2_YSF_YHF_NSto_Yhub_YMS+PRS+PLS_AP2+23+07+30+24+08+30
promotional_spends,0.1409733154685611,df_05_comsubs_850030796035,70_comsub_M_NRP2_YSF_YHF_NSto_Yhub_YMS+PRS+PLS_AP2+23+07+30+24+08+30
platform_spends,0.10549354655653953,df_05_comsubs_850030796035,70_comsub_M_NRP2_YSF_YHF_NSto_Yhub_YMS+PRS+PLS_AP2+23+07+30+24+08+30
holiday_flag,0.036329417903866026,df_05_comsubs_850030796035,70_comsub_M_NRP2_YSF_YHF_NSto_Yhub_YMS+PRS+PLS_AP2+23+07+30+24+08+30
negative_effect,0.02704802954864556,df_05_comsubs_850030796035,70_comsub_M_NRP2_YSF_YHF_NSto_Yhub_YMS+PRS+PLS_AP2+23+07+30+24+08+30
reg_month,0.016345218223025194,df_05_comsubs_850030796035,70_comsub_M_NRP2_YSF_YHF_NSto_Yhub_YMS+PRS+PLS_AP2+23+07+30+24+08+30
reg_day_of_year,0.015791742780973735,df_05_comsubs_850030796035,70_comsub_M_NRP2_YSF_YHF_NSto_Yhub_YMS+PRS+PLS_AP2+23+07+30+24+08+30
reg_week_of_year,0.015542995453101173,df_05_comsubs_850030796035,70_comsub_M_NRP2_YSF_YHF_NSto_Yhub_YMS+PRS+PLS_AP2+23+07+30+24+08+30
reg_year,0.010548145207461779,df_05_comsubs_850030796035,70_comsub_M_NRP2_YSF_YHF_NSto_Yhub_YMS+PRS+PLS_AP2+23+07+30+24+08+30
sales_flag,0.0019249833779846712,df_05_comsubs_850030796035,70_comsub_M_NRP2_YSF_YHF_NSto_Yhub_YMS+PRS+PLS_AP2+23+07+30+24+08+30
order_interval,0.3560364513482988,df_38_comsubs_850030796080,70_comsub_M_NRP2_YSF_YHF_NSto_Yhub_YMS+PRS+PLS_AP2+23+07+30+24+08+30
age,0.27418019072470395,df_38_comsubs_850030796080,70_comsub_M_NRP2_YSF_YHF_NSto_Yhub_YMS+PRS+PLS_AP2+23+07+30+24+08+30
platform_spends,0.18427891631899296,df_38_comsubs_850030796080,70_comsub_M_NRP2_YSF_YHF_NSto_Yhub_YMS+PRS+PLS_AP2+23+07+30+24+08+30
promotional_spends,0.1022459937604276,df_38_comsubs_850030796080,70_comsub_M_NRP2_YSF_YHF_NSto_Yhub_YMS+PRS+PLS_AP2+23+07+30+24+08+30
reg_week_of_year,0.02023013972547187,df_38_comsubs_850030796080,70_comsub_M_NRP2_YSF_YHF_NSto_Yhub_YMS+PRS+PLS_AP2+23+07+30+24+08+30
reg_month,0.017757087103411295,df_38_comsubs_850030796080,70_comsub_M_NRP2_YSF_YHF_NSto_Yhub_YMS+PRS+PLS_AP2+23+07+30+24+08+30
reg_year,0.013897992179565652,df_38_comsubs_850030796080,70_comsub_M_NRP2_YSF_YHF_NSto_Yhub_YMS+PRS+PLS_AP2+23+07+30+24+08+30
reg_day_of_year,0.013011822060114727,df_38_comsubs_850030796080,70_comsub_M_NRP2_YSF_YHF_NSto_Yhub_YMS+PRS+PLS_AP2+23+07+30+24+08+30
holiday_flag,0.008988867863051449,df_38_comsubs_850030796080,70_comsub_M_NRP2_YSF_YHF_NSto_Yhub_YMS+PRS+PLS_AP2+23+07+30+24+08+30
negative_effect,0.007698860455446783,df_38_comsubs_850030796080,70_comsub_M_NRP2_YSF_YHF_NSto_Yhub_YMS+PRS+PLS_AP2+23+07+30+24+08+30
sales_flag,0.0016736784605149325,df_38_comsubs_850030796080,70_comsub_M_NRP2_YSF_YHF_NSto_Yhub_YMS+PRS+PLS_AP2+23+07+30+24+08+30
age,0.23361613206128318,df_42_comsubs_850030796059,70_comsub_M_NRP2_YSF_YHF_NSto_Yhub_YMS+PRS+PLS_AP2+23+07+30+24+08+30
order_interval,0.2202385828866981,df_42_comsubs_850030796059,70_comsub_M_NRP2_YSF_YHF_NSto_Yhub_YMS+PRS+PLS_AP2+23+07+30+24+08+30
platform_spends,0.1845613218510204,df_42_comsubs_850030796059,70_comsub_M_NRP2_YSF_YHF_NSto_Yhub_YMS+PRS+PLS_AP2+23+07+30+24+08+30
promotional_spends,0.1688861105948538,df_42_comsubs_850030796059,70_comsub_M_NRP2_YSF_YHF_NSto_Yhub_YMS+PRS+PLS_AP2+23+07+30+24+08+30
negative_effect,0.08767295382090265,df_42_comsubs_850030796059,70_comsub_M_NRP2_YSF_YHF_NSto_Yhub_YMS+PRS+PLS_AP2+23+07+30+24+08+30
reg_week_of_year,0.021998787748669108,df_42_comsubs_850030796059,70_comsub_M_NRP2_YSF_YHF_NSto_Yhub_YMS+PRS+PLS_AP2+23+07+30+24+08+30
reg_year,0.019098290155769162,df_42_comsubs_850030796059,70_comsub_M_NRP2_YSF_YHF_NSto_Yhub_YMS+PRS+PLS_AP2+23+07+30+24+08+30
reg_day_of_year,0.019010277884489498,df_42_comsubs_850030796059,70_comsub_M_NRP2_YSF_YHF_NSto_Yhub_YMS+PRS+PLS_AP2+23+07+30+24+08+30
reg_month,0.018663499777300654,df_42_comsubs_850030796059,70_comsub_M_NRP2_YSF_YHF_NSto_Yhub_YMS+PRS+PLS_AP2+23+07+30+24+08+30
sales_flag,0.014913193535322758,df_42_comsubs_850030796059,70_comsub_M_NRP2_YSF_YHF_NSto_Yhub_YMS+PRS+PLS_AP2+23+07+30+24+08+30
holiday_flag,0.011340849683690656,df_42_comsubs_850030796059,70_comsub_M_NRP2_YSF_YHF_NSto_Yhub_YMS+PRS+PLS_AP2+23+07+30+24+08+30
promotional_spends,0.26702980100733537,df_09_comsubs_850243008949,72_comsub_M_NRP1_NSF_NHF_NSto_Nhub_YMS+PRS_AP2+23+07+30+24+08+30
order_interval,0.2659699340544496,df_09_comsubs_850243008949,72_comsub_M_NRP1_NSF_NHF_NSto_Nhub_YMS+PRS_AP2+23+07+30+24+08+30
reg_year,0.17162436221642077,df_09_comsubs_850243008949,72_comsub_M_NRP1_NSF_NHF_NSto_Nhub_YMS+PRS_AP2+23+07+30+24+08+30
age,0.105411624581394,df_09_comsubs_850243008949,72_comsub_M_NRP1_NSF_NHF_NSto_Nhub_YMS+PRS_AP2+23+07+30+24+08+30
reg_month,0.0657892776958954,df_09_comsubs_850243008949,72_comsub_M_NRP1_NSF_NHF_NSto_Nhub_YMS+PRS_AP2+23+07+30+24+08+30
reg_day_of_year,0.0639554437908462,df_09_comsubs_850243008949,72_comsub_M_NRP1_NSF_NHF_NSto_Nhub_YMS+PRS_AP2+23+07+30+24+08+30
reg_week_of_year,0.060219556653658725,df_09_comsubs_850243008949,72_comsub_M_NRP1_NSF_NHF_NSto_Nhub_YMS+PRS_AP2+23+07+30+24+08+30
order_interval,0.3074475513401564,df_10_comsubs_850243008956,72_comsub_M_NRP1_NSF_NHF_NSto_Nhub_YMS+PRS_AP2+23+07+30+24+08+30
promotional_spends,0.25164498136140184,df_10_comsubs_850243008956,72_comsub_M_NRP1_NSF_NHF_NSto_Nhub_YMS+PRS_AP2+23+07+30+24+08+30
age,0.24377593315315096,df_10_comsubs_850243008956,72_comsub_M_NRP1_NSF_NHF_NSto_Nhub_YMS+PRS_AP2+23+07+30+24+08+30
reg_day_of_year,0.054505068562687824,df_10_comsubs_850243008956,72_comsub_M_NRP1_NSF_NHF_NSto_Nhub_YMS+PRS_AP2+23+07+30+24+08+30
reg_month,0.05273271359619078,df_10_comsubs_850243008956,72_comsub_M_NRP1_NSF_NHF_NSto_Nhub_YMS+PRS_AP2+23+07+30+24+08+30
reg_week_of_year,0.045112167043941734,df_10_comsubs_850243008956,72_comsub_M_NRP1_NSF_NHF_NSto_Nhub_YMS+PRS_AP2+23+07+30+24+08+30
reg_year,0.04478158494247062,df_10_comsubs_850243008956,72_comsub_M_NRP1_NSF_NHF_NSto_Nhub_YMS+PRS_AP2+23+07+30+24+08+30
promotional_spends,0.29732543328555755,df_32_comsubs_850030796233,72_comsub_M_NRP1_NSF_NHF_NSto_Nhub_YMS+PRS_AP2+23+07+30+24+08+30
order_interval,0.2048333253835669,df_32_comsubs_850030796233,72_comsub_M_NRP1_NSF_NHF_NSto_Nhub_YMS+PRS_AP2+23+07+30+24+08+30
age,0.1824930080476673,df_32_comsubs_850030796233,72_comsub_M_NRP1_NSF_NHF_NSto_Nhub_YMS+PRS_AP2+23+07+30+24+08+30
reg_month,0.10487937873820892,df_32_comsubs_850030796233,72_comsub_M_NRP1_NSF_NHF_NSto_Nhub_YMS+PRS_AP2+23+07+30+24+08+30
reg_day_of_year,0.10200189224718006,df_32_comsubs_850030796233,72_comsub_M_NRP1_NSF_NHF_NSto_Nhub_YMS+PRS_AP2+23+07+30+24+08+30
reg_week_of_year,0.08701927259003055,df_32_comsubs_850030796233,72_comsub_M_NRP1_NSF_NHF_NSto_Nhub_YMS+PRS_AP2+23+07+30+24+08+30
reg_year,0.021447689707788816,df_32_comsubs_850030796233,72_comsub_M_NRP1_NSF_NHF_NSto_Nhub_YMS+PRS_AP2+23+07+30+24+08+30
platform_spends,0.46387991382400257,df_27_comsubs_COLL10Bundle,73_comsub_M_NRP1_NSF_NHF_NSto_Nhub_YMS+PLS_AP2+23+07+30+24+08+30
order_interval,0.25431087796504953,df_27_comsubs_COLL10Bundle,73_comsub_M_NRP1_NSF_NHF_NSto_Nhub_YMS+PLS_AP2+23+07+30+24+08+30
reg_day_of_year,0.06810190406230648,df_27_comsubs_COLL10Bundle,73_comsub_M_NRP1_NSF_NHF_NSto_Nhub_YMS+PLS_AP2+23+07+30+24+08+30
reg_year,0.06358571770974619,df_27_comsubs_COLL10Bundle,73_comsub_M_NRP1_NSF_NHF_NSto_Nhub_YMS+PLS_AP2+23+07+30+24+08+30
reg_month,0.054640234208655915,df_27_comsubs_COLL10Bundle,73_comsub_M_NRP1_NSF_NHF_NSto_Nhub_YMS+PLS_AP2+23+07+30+24+08+30
reg_week_of_year,0.05220611388741814,df_27_comsubs_COLL10Bundle,73_comsub_M_NRP1_NSF_NHF_NSto_Nhub_YMS+PLS_AP2+23+07+30+24+08+30
age,0.043275238342821175,df_27_comsubs_COLL10Bundle,73_comsub_M_NRP1_NSF_NHF_NSto_Nhub_YMS+PLS_AP2+23+07+30+24+08+30
platform_spends,0.3993148175208767,df_36_comsubs_VANRECOVERY14,73_comsub_M_NRP1_NSF_NHF_NSto_Nhub_YMS+PLS_AP2+23+07+30+24+08+30
order_interval,0.20299907134509879,df_36_comsubs_VANRECOVERY14,73_comsub_M_NRP1_NSF_NHF_NSto_Nhub_YMS+PLS_AP2+23+07+30+24+08+30
reg_day_of_year,0.11665595095331724,df_36_comsubs_VANRECOVERY14,73_comsub_M_NRP1_NSF_NHF_NSto_Nhub_YMS+PLS_AP2+23+07+30+24+08+30
reg_week_of_year,0.090861540877901,df_36_comsubs_VANRECOVERY14,73_comsub_M_NRP1_NSF_NHF_NSto_Nhub_YMS+PLS_AP2+23+07+30+24+08+30
reg_month,0.08665555516144538,df_36_comsubs_VANRECOVERY14,73_comsub_M_NRP1_NSF_NHF_NSto_Nhub_YMS+PLS_AP2+23+07+30+24+08+30
age,0.07047282959795872,df_36_comsubs_VANRECOVERY14,73_comsub_M_NRP1_NSF_NHF_NSto_Nhub_YMS+PLS_AP2+23+07+30+24+08+30
reg_year,0.0330402345434021,df_36_comsubs_VANRECOVERY14,73_comsub_M_NRP1_NSF_NHF_NSto_Nhub_YMS+PLS_AP2+23+07+30+24+08+30
platform_spends,0.268544756067942,df_25_comsubs_850243008789,74_comsub_M_NRP1_NSF_NHF_NSto_Nhub_YMS+PRS+PLS_AP2+23+07+30+24+08+30
order_interval,0.25581730701175226,df_25_comsubs_850243008789,74_comsub_M_NRP1_NSF_NHF_NSto_Nhub_YMS+PRS+PLS_AP2+23+07+30+24+08+30
age,0.1878166929122602,df_25_comsubs_850243008789,74_comsub_M_NRP1_NSF_NHF_NSto_Nhub_YMS+PRS+PLS_AP2+23+07+30+24+08+30
promotional_spends,0.12557207890732966,df_25_comsubs_850243008789,74_comsub_M_NRP1_NSF_NHF_NSto_Nhub_YMS+PRS+PLS_AP2+23+07+30+24+08+30
reg_day_of_year,0.05376095049884976,df_25_comsubs_850243008789,74_comsub_M_NRP1_NSF_NHF_NSto_Nhub_YMS+PRS+PLS_AP2+23+07+30+24+08+30
reg_week_of_year,0.050537958215699084,df_25_comsubs_850243008789,74_comsub_M_NRP1_NSF_NHF_NSto_Nhub_YMS+PRS+PLS_AP2+23+07+30+24+08+30
reg_month,0.04383811790988387,df_25_comsubs_850243008789,74_comsub_M_NRP1_NSF_NHF_NSto_Nhub_YMS+PRS+PLS_AP2+23+07+30+24+08+30
reg_year,0.014112138476283186,df_25_comsubs_850243008789,74_comsub_M_NRP1_NSF_NHF_NSto_Nhub_YMS+PRS+PLS_AP2+23+07+30+24+08+30
order_interval,0.2858362317955713,df_28_comsubs_850030796240,74_comsub_M_NRP1_NSF_NHF_NSto_Nhub_YMS+PRS+PLS_AP2+23+07+30+24+08+30
platform_spends,0.2195439590021018,df_28_comsubs_850030796240,74_comsub_M_NRP1_NSF_NHF_NSto_Nhub_YMS+PRS+PLS_AP2+23+07+30+24+08+30
promotional_spends,0.16513885812871099,df_28_comsubs_850030796240,74_comsub_M_NRP1_NSF_NHF_NSto_Nhub_YMS+PRS+PLS_AP2+23+07+30+24+08+30
age,0.1217174863671617,df_28_comsubs_850030796240,74_comsub_M_NRP1_NSF_NHF_NSto_Nhub_YMS+PRS+PLS_AP2+23+07+30+24+08+30
reg_day_of_year,0.066140283931178,df_28_comsubs_850030796240,74_comsub_M_NRP1_NSF_NHF_NSto_Nhub_YMS+PRS+PLS_AP2+23+07+30+24+08+30
reg_week_of_year,0.06556257080669062,df_28_comsubs_850030796240,74_comsub_M_NRP1_NSF_NHF_NSto_Nhub_YMS+PRS+PLS_AP2+23+07+30+24+08+30
reg_month,0.0449669663270077,df_28_comsubs_850030796240,74_comsub_M_NRP1_NSF_NHF_NSto_Nhub_YMS+PRS+PLS_AP2+23+07+30+24+08+30
reg_year,0.031093643641577802,df_28_comsubs_850030796240,74_comsub_M_NRP1_NSF_NHF_NSto_Nhub_YMS+PRS+PLS_AP2+23+07+30+24+08+30
platform_spends,0.21172026189889814,df_34_comsubs_850243008208,74_comsub_M_NRP1_NSF_NHF_NSto_Nhub_YMS+PRS+PLS_AP2+23+07+30+24+08+30
promotional_spends,0.19913011256001303,df_34_comsubs_850243008208,74_comsub_M_NRP1_NSF_NHF_NSto_Nhub_YMS+PRS+PLS_AP2+23+07+30+24+08+30
order_interval,0.19521164339328315,df_34_comsubs_850243008208,74_comsub_M_NRP1_NSF_NHF_NSto_Nhub_YMS+PRS+PLS_AP2+23+07+30+24+08+30
reg_month,0.10990552377311583,df_34_comsubs_850243008208,74_comsub_M_NRP1_NSF_NHF_NSto_Nhub_YMS+PRS+PLS_AP2+23+07+30+24+08+30
reg_week_of_year,0.09822049707371511,df_34_comsubs_850243008208,74_comsub_M_NRP1_NSF_NHF_NSto_Nhub_YMS+PRS+PLS_AP2+23+07+30+24+08+30
reg_day_of_year,0.09539400440845826,df_34_comsubs_850243008208,74_comsub_M_NRP1_NSF_NHF_NSto_Nhub_YMS+PRS+PLS_AP2+23+07+30+24+08+30
age,0.06322728821573394,df_34_comsubs_850243008208,74_comsub_M_NRP1_NSF_NHF_NSto_Nhub_YMS+PRS+PLS_AP2+23+07+30+24+08+30
reg_year,0.02719066867678252,df_34_comsubs_850243008208,74_comsub_M_NRP1_NSF_NHF_NSto_Nhub_YMS+PRS+PLS_AP2+23+07+30+24+08+30
order_interval,0.3320874812780303,df_40_comsubs_850030796189,74_comsub_M_NRP1_NSF_NHF_NSto_Nhub_YMS+PRS+PLS_AP2+23+07+30+24+08+30
reg_year,0.179061302537873,df_40_comsubs_850030796189,74_comsub_M_NRP1_NSF_NHF_NSto_Nhub_YMS+PRS+PLS_AP2+23+07+30+24+08+30
age,0.1713024205722708,df_40_comsubs_850030796189,74_comsub_M_NRP1_NSF_NHF_NSto_Nhub_YMS+PRS+PLS_AP2+23+07+30+24+08+30
platform_spends,0.15293471603621828,df_40_comsubs_850030796189,74_comsub_M_NRP1_NSF_NHF_NSto_Nhub_YMS+PRS+PLS_AP2+23+07+30+24+08+30
promotional_spends,0.10285084456647892,df_40_comsubs_850030796189,74_comsub_M_NRP1_NSF_NHF_NSto_Nhub_YMS+PRS+PLS_AP2+23+07+30+24+08+30
reg_day_of_year,0.02301775284677051,df_40_comsubs_850030796189,74_comsub_M_NRP1_NSF_NHF_NSto_Nhub_YMS+PRS+PLS_AP2+23+07+30+24+08+30
reg_week_of_year,0.019686684612716436,df_40_comsubs_850030796189,74_comsub_M_NRP1_NSF_NHF_NSto_Nhub_YMS+PRS+PLS_AP2+23+07+30+24+08+30
reg_month,0.019058797549641772,df_40_comsubs_850030796189,74_comsub_M_NRP1_NSF_NHF_NSto_Nhub_YMS+PRS+PLS_AP2+23+07+30+24+08+30
order_interval,0.2762286670823396,df_01_comsubs_850030796042,75_comsub_M_NRP1_YSF_YHF_NSto_Yhub_YMS+PRS+PLS_AP2+23+07+30+24+08+30
age,0.2206605019946941,df_01_comsubs_850030796042,75_comsub_M_NRP1_YSF_YHF_NSto_Yhub_YMS+PRS+PLS_AP2+23+07+30+24+08+30
platform_spends,0.1826215070930375,df_01_comsubs_850030796042,75_comsub_M_NRP1_YSF_YHF_NSto_Yhub_YMS+PRS+PLS_AP2+23+07+30+24+08+30
promotional_spends,0.17919476228397208,df_01_comsubs_850030796042,75_comsub_M_NRP1_YSF_YHF_NSto_Yhub_YMS+PRS+PLS_AP2+23+07+30+24+08+30
reg_year,0.04501175675761862,df_01_comsubs_850030796042,75_comsub_M_NRP1_YSF_YHF_NSto_Yhub_YMS+PRS+PLS_AP2+23+07+30+24+08+30
negative_effect,0.02337342875595376,df_01_comsubs_850030796042,75_comsub_M_NRP1_YSF_YHF_NSto_Yhub_YMS+PRS+PLS_AP2+23+07+30+24+08+30
reg_day_of_year,0.021467621183762328,df_01_comsubs_850030796042,75_comsub_M_NRP1_YSF_YHF_NSto_Yhub_YMS+PRS+PLS_AP2+23+07+30+24+08+30
reg_month,0.018566063314514235,df_01_comsubs_850030796042,75_comsub_M_NRP1_YSF_YHF_NSto_Yhub_YMS+PRS+PLS_AP2+23+07+30+24+08+30
reg_week_of_year,0.01565578455864845,df_01_comsubs_850030796042,75_comsub_M_NRP1_YSF_YHF_NSto_Yhub_YMS+PRS+PLS_AP2+23+07+30+24+08+30
holiday_flag,0.013827748104071034,df_01_comsubs_850030796042,75_comsub_M_NRP1_YSF_YHF_NSto_Yhub_YMS+PRS+PLS_AP2+23+07+30+24+08+30
sales_flag,0.0033921588713882907,df_01_comsubs_850030796042,75_comsub_M_NRP1_YSF_YHF_NSto_Yhub_YMS+PRS+PLS_AP2+23+07+30+24+08+30
order_interval,0.2914798838367945,df_02_comsubs_850243008918,75_comsub_M_NRP1_YSF_YHF_NSto_Yhub_YMS+PRS+PLS_AP2+23+07+30+24+08+30
age,0.2633127186063865,df_02_comsubs_850243008918,75_comsub_M_NRP1_YSF_YHF_NSto_Yhub_YMS+PRS+PLS_AP2+23+07+30+24+08+30
promotional_spends,0.15624132332772986,df_02_comsubs_850243008918,75_comsub_M_NRP1_YSF_YHF_NSto_Yhub_YMS+PRS+PLS_AP2+23+07+30+24+08+30
platform_spends,0.11439783706458635,df_02_comsubs_850243008918,75_comsub_M_NRP1_YSF_YHF_NSto_Yhub_YMS+PRS+PLS_AP2+23+07+30+24+08+30
reg_year,0.11396337144992871,df_02_comsubs_850243008918,75_comsub_M_NRP1_YSF_YHF_NSto_Yhub_YMS+PRS+PLS_AP2+23+07+30+24+08+30
reg_month,0.013049087829166577,df_02_comsubs_850243008918,75_comsub_M_NRP1_YSF_YHF_NSto_Yhub_YMS+PRS+PLS_AP2+23+07+30+24+08+30
negative_effect,0.01257406847717175,df_02_comsubs_850243008918,75_comsub_M_NRP1_YSF_YHF_NSto_Yhub_YMS+PRS+PLS_AP2+23+07+30+24+08+30
reg_day_of_year,0.01227343072708126,df_02_comsubs_850243008918,75_comsub_M_NRP1_YSF_YHF_NSto_Yhub_YMS+PRS+PLS_AP2+23+07+30+24+08+30
reg_week_of_year,0.011393994043297889,df_02_comsubs_850243008918,75_comsub_M_NRP1_YSF_YHF_NSto_Yhub_YMS+PRS+PLS_AP2+23+07+30+24+08+30
holiday_flag,0.008563054554215131,df_02_comsubs_850243008918,75_comsub_M_NRP1_YSF_YHF_NSto_Yhub_YMS+PRS+PLS_AP2+23+07+30+24+08+30
sales_flag,0.0027512300836414682,df_02_comsubs_850243008918,75_comsub_M_NRP1_YSF_YHF_NSto_Yhub_YMS+PRS+PLS_AP2+23+07+30+24+08+30
order_interval,0.3985904334212939,df_04_comsubs_850030796097,75_comsub_M_NRP1_YSF_YHF_NSto_Yhub_YMS+PRS+PLS_AP2+23+07+30+24+08+30
age,0.2163603315306669,df_04_comsubs_850030796097,75_comsub_M_NRP1_YSF_YHF_NSto_Yhub_YMS+PRS+PLS_AP2+23+07+30+24+08+30
platform_spends,0.1420672825750192,df_04_comsubs_850030796097,75_comsub_M_NRP1_YSF_YHF_NSto_Yhub_YMS+PRS+PLS_AP2+23+07+30+24+08+30
promotional_spends,0.11584547544465656,df_04_comsubs_850030796097,75_comsub_M_NRP1_YSF_YHF_NSto_Yhub_YMS+PRS+PLS_AP2+23+07+30+24+08+30
holiday_flag,0.031751281050269094,df_04_comsubs_850030796097,75_comsub_M_NRP1_YSF_YHF_NSto_Yhub_YMS+PRS+PLS_AP2+23+07+30+24+08+30
negative_effect,0.02903195328625397,df_04_comsubs_850030796097,75_comsub_M_NRP1_YSF_YHF_NSto_Yhub_YMS+PRS+PLS_AP2+23+07+30+24+08+30
reg_day_of_year,0.02055903999998829,df_04_comsubs_850030796097,75_comsub_M_NRP1_YSF_YHF_NSto_Yhub_YMS+PRS+PLS_AP2+23+07+30+24+08+30
reg_week_of_year,0.018574717494884724,df_04_comsubs_850030796097,75_comsub_M_NRP1_YSF_YHF_NSto_Yhub_YMS+PRS+PLS_AP2+23+07+30+24+08+30
reg_month,0.016734619715947547,df_04_comsubs_850030796097,75_comsub_M_NRP1_YSF_YHF_NSto_Yhub_YMS+PRS+PLS_AP2+23+07+30+24+08+30
reg_year,0.009811678899491253,df_04_comsubs_850030796097,75_comsub_M_NRP1_YSF_YHF_NSto_Yhub_YMS+PRS+PLS_AP2+23+07+30+24+08+30
sales_flag,0.0006731865815286737,df_04_comsubs_850030796097,75_comsub_M_NRP1_YSF_YHF_NSto_Yhub_YMS+PRS+PLS_AP2+23+07+30+24+08+30
order_interval,0.3622354681481382,df_08_comsubs_850030796257,75_comsub_M_NRP1_YSF_YHF_NSto_Yhub_YMS+PRS+PLS_AP2+23+07+30+24+08+30
age,0.23451616973182554,df_08_comsubs_850030796257,75_comsub_M_NRP1_YSF_YHF_NSto_Yhub_YMS+PRS+PLS_AP2+23+07+30+24+08+30
promotional_spends,0.15153462535126885,df_08_comsubs_850030796257,75_comsub_M_NRP1_YSF_YHF_NSto_Yhub_YMS+PRS+PLS_AP2+23+07+30+24+08+30
platform_spends,0.0946534674683122,df_08_comsubs_850030796257,75_comsub_M_NRP1_YSF_YHF_NSto_Yhub_YMS+PRS+PLS_AP2+23+07+30+24+08+30
holiday_flag,0.03273188326516663,df_08_comsubs_850030796257,75_comsub_M_NRP1_YSF_YHF_NSto_Yhub_YMS+PRS+PLS_AP2+23+07+30+24+08+30
negative_effect,0.03200745925470962,df_08_comsubs_850030796257,75_comsub_M_NRP1_YSF_YHF_NSto_Yhub_YMS+PRS+PLS_AP2+23+07+30+24+08+30
reg_day_of_year,0.027871398495131955,df_08_comsubs_850030796257,75_comsub_M_NRP1_YSF_YHF_NSto_Yhub_YMS+PRS+PLS_AP2+23+07+30+24+08+30
reg_month,0.025782564195057832,df_08_comsubs_850030796257,75_comsub_M_NRP1_YSF_YHF_NSto_Yhub_YMS+PRS+PLS_AP2+23+07+30+24+08+30
reg_week_of_year,0.025755317447683515,df_08_comsubs_850030796257,75_comsub_M_NRP1_YSF_YHF_NSto_Yhub_YMS+PRS+PLS_AP2+23+07+30+24+08+30
reg_year,0.007031870269854356,df_08_comsubs_850030796257,75_comsub_M_NRP1_YSF_YHF_NSto_Yhub_YMS+PRS+PLS_AP2+23+07+30+24+08+30
sales_flag,0.005879776372851399,df_08_comsubs_850030796257,75_comsub_M_NRP1_YSF_YHF_NSto_Yhub_YMS+PRS+PLS_AP2+23+07+30+24+08+30
order_interval,0.30066850610825635,df_13_comsubs_850030796028,75_comsub_M_NRP1_YSF_YHF_NSto_Yhub_YMS+PRS+PLS_AP2+23+07+30+24+08+30
age,0.2271970719235587,df_13_comsubs_850030796028,75_comsub_M_NRP1_YSF_YHF_NSto_Yhub_YMS+PRS+PLS_AP2+23+07+30+24+08+30
promotional_spends,0.1821380494304404,df_13_comsubs_850030796028,75_comsub_M_NRP1_YSF_YHF_NSto_Yhub_YMS+PRS+PLS_AP2+23+07+30+24+08+30
platform_spends,0.17614109376671258,df_13_comsubs_850030796028,75_comsub_M_NRP1_YSF_YHF_NSto_Yhub_YMS+PRS+PLS_AP2+23+07+30+24+08+30
negative_effect,0.030979421515520012,df_13_comsubs_850030796028,75_comsub_M_NRP1_YSF_YHF_NSto_Yhub_YMS+PRS+PLS_AP2+23+07+30+24+08+30
reg_year,0.018545943927592103,df_13_comsubs_850030796028,75_comsub_M_NRP1_YSF_YHF_NSto_Yhub_YMS+PRS+PLS_AP2+23+07+30+24+08+30
reg_week_of_year,0.016448421512577863,df_13_comsubs_850030796028,75_comsub_M_NRP1_YSF_YHF_NSto_Yhub_YMS+PRS+PLS_AP2+23+07+30+24+08+30
reg_day_of_year,0.01580297584545619,df_13_comsubs_850030796028,75_comsub_M_NRP1_YSF_YHF_NSto_Yhub_YMS+PRS+PLS_AP2+23+07+30+24+08+30
reg_month,0.01566775558615035,df_13_comsubs_850030796028,75_comsub_M_NRP1_YSF_YHF_NSto_Yhub_YMS+PRS+PLS_AP2+23+07+30+24+08+30
sales_flag,0.01065261124403638,df_13_comsubs_850030796028,75_comsub_M_NRP1_YSF_YHF_NSto_Yhub_YMS+PRS+PLS_AP2+23+07+30+24+08+30
holiday_flag,0.005758149139699114,df_13_comsubs_850030796028,75_comsub_M_NRP1_YSF_YHF_NSto_Yhub_YMS+PRS+PLS_AP2+23+07+30+24+08+30
order_interval,0.34893317956671666,df_14_comsubs_850030796066,75_comsub_M_NRP1_YSF_YHF_NSto_Yhub_YMS+PRS+PLS_AP2+23+07+30+24+08+30
age,0.23645407509411265,df_14_comsubs_850030796066,75_comsub_M_NRP1_YSF_YHF_NSto_Yhub_YMS+PRS+PLS_AP2+23+07+30+24+08+30
platform_spends,0.1671153320970805,df_14_comsubs_850030796066,75_comsub_M_NRP1_YSF_YHF_NSto_Yhub_YMS+PRS+PLS_AP2+23+07+30+24+08+30
promotional_spends,0.1550959951697809,df_14_comsubs_850030796066,75_comsub_M_NRP1_YSF_YHF_NSto_Yhub_YMS+PRS+PLS_AP2+23+07+30+24+08+30
holiday_flag,0.021571294458736238,df_14_comsubs_850030796066,75_comsub_M_NRP1_YSF_YHF_NSto_Yhub_YMS+PRS+PLS_AP2+23+07+30+24+08+30
negative_effect,0.020089857795277645,df_14_comsubs_850030796066,75_comsub_M_NRP1_YSF_YHF_NSto_Yhub_YMS+PRS+PLS_AP2+23+07+30+24+08+30
reg_month,0.012577354245626692,df_14_comsubs_850030796066,75_comsub_M_NRP1_YSF_YHF_NSto_Yhub_YMS+PRS+PLS_AP2+23+07+30+24+08+30
reg_week_of_year,0.010906010545053439,df_14_comsubs_850030796066,75_comsub_M_NRP1_YSF_YHF_NSto_Yhub_YMS+PRS+PLS_AP2+23+07+30+24+08+30
reg_year,0.010833163341803469,df_14_comsubs_850030796066,75_comsub_M_NRP1_YSF_YHF_NSto_Yhub_YMS+PRS+PLS_AP2+23+07+30+24+08+30
reg_day_of_year,0.01034273965134207,df_14_comsubs_850030796066,75_comsub_M_NRP1_YSF_YHF_NSto_Yhub_YMS+PRS+PLS_AP2+23+07+30+24+08+30
sales_flag,0.00608099803446975,df_14_comsubs_850030796066,75_comsub_M_NRP1_YSF_YHF_NSto_Yhub_YMS+PRS+PLS_AP2+23+07+30+24+08+30
order_interval,0.3313220512414572,df_43_comsubs_850243008987,75_comsub_M_NRP1_YSF_YHF_NSto_Yhub_YMS+PRS+PLS_AP2+23+07+30+24+08+30
age,0.2722455822913526,df_43_comsubs_850243008987,75_comsub_M_NRP1_YSF_YHF_NSto_Yhub_YMS+PRS+PLS_AP2+23+07+30+24+08+30
holiday_flag,0.08938393529178766,df_43_comsubs_850243008987,75_comsub_M_NRP1_YSF_YHF_NSto_Yhub_YMS+PRS+PLS_AP2+23+07+30+24+08+30
negative_effect,0.08935671269796233,df_43_comsubs_850243008987,75_comsub_M_NRP1_YSF_YHF_NSto_Yhub_YMS+PRS+PLS_AP2+23+07+30+24+08+30
promotional_spends,0.070725393582818,df_43_comsubs_850243008987,75_comsub_M_NRP1_YSF_YHF_NSto_Yhub_YMS+PRS+PLS_AP2+23+07+30+24+08+30
platform_spends,0.048754320704048185,df_43_comsubs_850243008987,75_comsub_M_NRP1_YSF_YHF_NSto_Yhub_YMS+PRS+PLS_AP2+23+07+30+24+08+30
reg_day_of_year,0.025743811843352005,df_43_comsubs_850243008987,75_comsub_M_NRP1_YSF_YHF_NSto_Yhub_YMS+PRS+PLS_AP2+23+07+30+24+08+30
reg_week_of_year,0.02373447285167484,df_43_comsubs_850243008987,75_comsub_M_NRP1_YSF_YHF_NSto_Yhub_YMS+PRS+PLS_AP2+23+07+30+24+08+30
reg_month,0.021038210126100236,df_43_comsubs_850243008987,75_comsub_M_NRP1_YSF_YHF_NSto_Yhub_YMS+PRS+PLS_AP2+23+07+30+24+08+30
reg_year,0.01458059037019002,df_43_comsubs_850243008987,75_comsub_M_NRP1_YSF_YHF_NSto_Yhub_YMS+PRS+PLS_AP2+23+07+30+24+08+30
sales_flag,0.013114918999256826,df_43_comsubs_850243008987,75_comsub_M_NRP1_YSF_YHF_NSto_Yhub_YMS+PRS+PLS_AP2+23+07+30+24+08+30
age,0.45140414807048285,df_41_comsubs_850030796271,77_comsub_M_NRP2_YSF_YHF_YSto_Nhub_NMS_AP2+23+07+30+24+08+30
order_interval,0.3559987567219912,df_41_comsubs_850030796271,77_comsub_M_NRP2_YSF_YHF_YSto_Nhub_NMS_AP2+23+07+30+24+08+30
reg_year,0.06399638859828644,df_41_comsubs_850030796271,77_comsub_M_NRP2_YSF_YHF_YSto_Nhub_NMS_AP2+23+07+30+24+08+30
reg_week_of_year,0.03768789406146896,df_41_comsubs_850030796271,77_comsub_M_NRP2_YSF_YHF_YSto_Nhub_NMS_AP2+23+07+30+24+08+30
reg_month,0.0350287056415428,df_41_comsubs_850030796271,77_comsub_M_NRP2_YSF_YHF_YSto_Nhub_NMS_AP2+23+07+30+24+08+30
reg_day_of_year,0.03212663367934098,df_41_comsubs_850030796271,77_comsub_M_NRP2_YSF_YHF_YSto_Nhub_NMS_AP2+23+07+30+24+08+30
sales_flag,0.01187989157142835,df_41_comsubs_850030796271,77_comsub_M_NRP2_YSF_YHF_YSto_Nhub_NMS_AP2+23+07+30+24+08+30
holiday_flag,0.01187758165545844,df_41_comsubs_850030796271,77_comsub_M_NRP2_YSF_YHF_YSto_Nhub_NMS_AP2+23+07+30+24+08+30
stockout_flag,0.0,df_41_comsubs_850030796271,77_comsub_M_NRP2_YSF_YHF_YSto_Nhub_NMS_AP2+23+07+30+24+08+30
age,0.3347575719485893,df_46_comsubs_PR300BOTTLE-BCOS,77_comsub_M_NRP2_YSF_YHF_YSto_Nhub_NMS_AP2+23+07+30+24+08+30
order_interval,0.2213409754952421,df_46_comsubs_PR300BOTTLE-BCOS,77_comsub_M_NRP2_YSF_YHF_YSto_Nhub_NMS_AP2+23+07+30+24+08+30
reg_week_of_year,0.16113415853954374,df_46_comsubs_PR300BOTTLE-BCOS,77_comsub_M_NRP2_YSF_YHF_YSto_Nhub_NMS_AP2+23+07+30+24+08+30
reg_day_of_year,0.1006278330998221,df_46_comsubs_PR300BOTTLE-BCOS,77_comsub_M_NRP2_YSF_YHF_YSto_Nhub_NMS_AP2+23+07+30+24+08+30
reg_month,0.09025274618259982,df_46_comsubs_PR300BOTTLE-BCOS,77_comsub_M_NRP2_YSF_YHF_YSto_Nhub_NMS_AP2+23+07+30+24+08+30
reg_year,0.06082782030741142,df_46_comsubs_PR300BOTTLE-BCOS,77_comsub_M_NRP2_YSF_YHF_YSto_Nhub_NMS_AP2+23+07+30+24+08+30
holiday_flag,0.020126988331681753,df_46_comsubs_PR300BOTTLE-BCOS,77_comsub_M_NRP2_YSF_YHF_YSto_Nhub_NMS_AP2+23+07+30+24+08+30
sales_flag,0.010931906095109809,df_46_comsubs_PR300BOTTLE-BCOS,77_comsub_M_NRP2_YSF_YHF_YSto_Nhub_NMS_AP2+23+07+30+24+08+30
stockout_flag,0.0,df_46_comsubs_PR300BOTTLE-BCOS,77_comsub_M_NRP2_YSF_YHF_YSto_Nhub_NMS_AP2+23+07+30+24+08+30
reg_day_of_year,0.25007219857199486,df_49_comsubs_PRPACKET5-DCOS,77_comsub_M_NRP2_YSF_YHF_YSto_Nhub_NMS_AP2+23+07+30+24+08+30
age,0.22196367081305954,df_49_comsubs_PRPACKET5-DCOS,77_comsub_M_NRP2_YSF_YHF_YSto_Nhub_NMS_AP2+23+07+30+24+08+30
reg_month,0.1729398180605464,df_49_comsubs_PRPACKET5-DCOS,77_comsub_M_NRP2_YSF_YHF_YSto_Nhub_NMS_AP2+23+07+30+24+08+30
reg_week_of_year,0.13517008919859547,df_49_comsubs_PRPACKET5-DCOS,77_comsub_M_NRP2_YSF_YHF_YSto_Nhub_NMS_AP2+23+07+30+24+08+30
order_interval,0.11887028858824294,df_49_comsubs_PRPACKET5-DCOS,77_comsub_M_NRP2_YSF_YHF_YSto_Nhub_NMS_AP2+23+07+30+24+08+30
holiday_flag,0.05977038401927007,df_49_comsubs_PRPACKET5-DCOS,77_comsub_M_NRP2_YSF_YHF_YSto_Nhub_NMS_AP2+23+07+30+24+08+30
reg_year,0.03377453290473323,df_49_comsubs_PRPACKET5-DCOS,77_comsub_M_NRP2_YSF_YHF_YSto_Nhub_NMS_AP2+23+07+30+24+08+30
sales_flag,0.007439017843557475,df_49_comsubs_PRPACKET5-DCOS,77_comsub_M_NRP2_YSF_YHF_YSto_Nhub_NMS_AP2+23+07+30+24+08+30
stockout_flag,0.0,df_49_comsubs_PRPACKET5-DCOS,77_comsub_M_NRP2_YSF_YHF_YSto_Nhub_NMS_AP2+23+07+30+24+08+30
age,0.4127045956188806,df_53_comsubs_AMPMAG,77_comsub_M_NRP2_YSF_YHF_YSto_Nhub_NMS_AP2+23+07+30+24+08+30
order_interval,0.315924605340517,df_53_comsubs_AMPMAG,77_comsub_M_NRP2_YSF_YHF_YSto_Nhub_NMS_AP2+23+07+30+24+08+30
reg_year,0.08154862525684424,df_53_comsubs_AMPMAG,77_comsub_M_NRP2_YSF_YHF_YSto_Nhub_NMS_AP2+23+07+30+24+08+30
reg_week_of_year,0.08018493910190305,df_53_comsubs_AMPMAG,77_comsub_M_NRP2_YSF_YHF_YSto_Nhub_NMS_AP2+23+07+30+24+08+30
reg_day_of_year,0.05543656122362072,df_53_comsubs_AMPMAG,77_comsub_M_NRP2_YSF_YHF_YSto_Nhub_NMS_AP2+23+07+30+24+08+30
reg_month,0.05420067345823437,df_53_comsubs_AMPMAG,77_comsub_M_NRP2_YSF_YHF_YSto_Nhub_NMS_AP2+23+07+30+24+08+30
sales_flag,0.0,df_53_comsubs_AMPMAG,77_comsub_M_NRP2_YSF_YHF_YSto_Nhub_NMS_AP2+23+07+30+24+08+30
holiday_flag,0.0,df_53_comsubs_AMPMAG,77_comsub_M_NRP2_YSF_YHF_YSto_Nhub_NMS_AP2+23+07+30+24+08+30
stockout_flag,0.0,df_53_comsubs_AMPMAG,77_comsub_M_NRP2_YSF_YHF_YSto_Nhub_NMS_AP2+23+07+30+24+08+30
promotional_spends,0.4368247826023377,df_33_comsubs_CHOCRECOVERY14,79_comsub_M_NRP2_YSF_YHF_YSto_Yhub_YMS+PRS_AP2+23+07+30+24+08+30
order_interval,0.19816346556790457,df_33_comsubs_CHOCRECOVERY14,79_comsub_M_NRP2_YSF_YHF_YSto_Yhub_YMS+PRS_AP2+23+07+30+24+08+30
negative_effect,0.1558026614473702,df_33_comsubs_CHOCRECOVERY14,79_comsub_M_NRP2_YSF_YHF_YSto_Yhub_YMS+PRS_AP2+23+07+30+24+08+30
age,0.05710921872069797,df_33_comsubs_CHOCRECOVERY14,79_comsub_M_NRP2_YSF_YHF_YSto_Yhub_YMS+PRS_AP2+23+07+30+24+08+30
reg_year,0.04880201416764097,df_33_comsubs_CHOCRECOVERY14,79_comsub_M_NRP2_YSF_YHF_YSto_Yhub_YMS+PRS_AP2+23+07+30+24+08+30
reg_day_of_year,0.030246279543379207,df_33_comsubs_CHOCRECOVERY14,79_comsub_M_NRP2_YSF_YHF_YSto_Yhub_YMS+PRS_AP2+23+07+30+24+08+30
reg_week_of_year,0.026108879105667372,df_33_comsubs_CHOCRECOVERY14,79_comsub_M_NRP2_YSF_YHF_YSto_Yhub_YMS+PRS_AP2+23+07+30+24+08+30
reg_month,0.024934239141176373,df_33_comsubs_CHOCRECOVERY14,79_comsub_M_NRP2_YSF_YHF_YSto_Yhub_YMS+PRS_AP2+23+07+30+24+08+30
holiday_flag,0.01304419134623893,df_33_comsubs_CHOCRECOVERY14,79_comsub_M_NRP2_YSF_YHF_YSto_Yhub_YMS+PRS_AP2+23+07+30+24+08+30
sales_flag,0.008964268357586723,df_33_comsubs_CHOCRECOVERY14,79_comsub_M_NRP2_YSF_YHF_YSto_Yhub_YMS+PRS_AP2+23+07+30+24+08+30
stockout_flag,0.0,df_33_comsubs_CHOCRECOVERY14,79_comsub_M_NRP2_YSF_YHF_YSto_Yhub_YMS+PRS_AP2+23+07+30+24+08+30
platform_spends,0.43722526993769284,df_26_comsubs_850243008406,80_comsub_M_NRP2_YSF_YHF_YSto_Yhub_YMS+PLS_AP2+23+07+30+24+08+30
order_interval,0.20810102504806893,df_26_comsubs_850243008406,80_comsub_M_NRP2_YSF_YHF_YSto_Yhub_YMS+PLS_AP2+23+07+30+24+08+30
negative_effect,0.0923440157419221,df_26_comsubs_850243008406,80_comsub_M_NRP2_YSF_YHF_YSto_Yhub_YMS+PLS_AP2+23+07+30+24+08+30
reg_month,0.060385990551034524,df_26_comsubs_850243008406,80_comsub_M_NRP2_YSF_YHF_YSto_Yhub_YMS+PLS_AP2+23+07+30+24+08+30
reg_week_of_year,0.05865342410334715,df_26_comsubs_850243008406,80_comsub_M_NRP2_YSF_YHF_YSto_Yhub_YMS+PLS_AP2+23+07+30+24+08+30
reg_day_of_year,0.05714704850711135,df_26_comsubs_850243008406,80_comsub_M_NRP2_YSF_YHF_YSto_Yhub_YMS+PLS_AP2+23+07+30+24+08+30
age,0.04890480577819456,df_26_comsubs_850243008406,80_comsub_M_NRP2_YSF_YHF_YSto_Yhub_YMS+PLS_AP2+23+07+30+24+08+30
reg_year,0.017769889770510822,df_26_comsubs_850243008406,80_comsub_M_NRP2_YSF_YHF_YSto_Yhub_YMS+PLS_AP2+23+07+30+24+08+30
sales_flag,0.013865936949906645,df_26_comsubs_850243008406,80_comsub_M_NRP2_YSF_YHF_YSto_Yhub_YMS+PLS_AP2+23+07+30+24+08+30
holiday_flag,0.005602593612211101,df_26_comsubs_850243008406,80_comsub_M_NRP2_YSF_YHF_YSto_Yhub_YMS+PLS_AP2+23+07+30+24+08+30
stockout_flag,0.0,df_26_comsubs_850243008406,80_comsub_M_NRP2_YSF_YHF_YSto_Yhub_YMS+PLS_AP2+23+07+30+24+08+30
promotional_spends,0.6407535144464259,df_03_comsubs_850243008796,83_comsub_M_NRP1_NSF_NHF_YSto_Nhub_YMS+PRS_AP2+23+07+30+24+08+30
order_interval,0.1778664523504338,df_03_comsubs_850243008796,83_comsub_M_NRP1_NSF_NHF_YSto_Nhub_YMS+PRS_AP2+23+07+30+24+08+30
reg_year,0.06311163608674294,df_03_comsubs_850243008796,83_comsub_M_NRP1_NSF_NHF_YSto_Nhub_YMS+PRS_AP2+23+07+30+24+08+30
age,0.03305345052217559,df_03_comsubs_850243008796,83_comsub_M_NRP1_NSF_NHF_YSto_Nhub_YMS+PRS_AP2+23+07+30+24+08+30
reg_month,0.03011815632766888,df_03_comsubs_850243008796,83_comsub_M_NRP1_NSF_NHF_YSto_Nhub_YMS+PRS_AP2+23+07+30+24+08+30
reg_week_of_year,0.028449858861467496,df_03_comsubs_850243008796,83_comsub_M_NRP1_NSF_NHF_YSto_Nhub_YMS+PRS_AP2+23+07+30+24+08+30
reg_day_of_year,0.025222884804941125,df_03_comsubs_850243008796,83_comsub_M_NRP1_NSF_NHF_YSto_Nhub_YMS+PRS_AP2+23+07+30+24+08+30
stockout_flag,0.0014240466001443116,df_03_comsubs_850243008796,83_comsub_M_NRP1_NSF_NHF_YSto_Nhub_YMS+PRS_AP2+23+07+30+24+08+30
order_interval,0.4413827627600921,df_06_comsubs_850030796172,83_comsub_M_NRP1_NSF_NHF_YSto_Nhub_YMS+PRS_AP2+23+07+30+24+08+30
age,0.31645559802618595,df_06_comsubs_850030796172,83_comsub_M_NRP1_NSF_NHF_YSto_Nhub_YMS+PRS_AP2+23+07+30+24+08+30
promotional_spends,0.16589970878430807,df_06_comsubs_850030796172,83_comsub_M_NRP1_NSF_NHF_YSto_Nhub_YMS+PRS_AP2+23+07+30+24+08+30
reg_day_of_year,0.024581363431835843,df_06_comsubs_850030796172,83_comsub_M_NRP1_NSF_NHF_YSto_Nhub_YMS+PRS_AP2+23+07+30+24+08+30
reg_week_of_year,0.02211756464065722,df_06_comsubs_850030796172,83_comsub_M_NRP1_NSF_NHF_YSto_Nhub_YMS+PRS_AP2+23+07+30+24+08+30
reg_month,0.018548673850781395,df_06_comsubs_850030796172,83_comsub_M_NRP1_NSF_NHF_YSto_Nhub_YMS+PRS_AP2+23+07+30+24+08+30
reg_year,0.011014328506139552,df_06_comsubs_850030796172,83_comsub_M_NRP1_NSF_NHF_YSto_Nhub_YMS+PRS_AP2+23+07+30+24+08+30
stockout_flag,0.0,df_06_comsubs_850030796172,83_comsub_M_NRP1_NSF_NHF_YSto_Nhub_YMS+PRS_AP2+23+07+30+24+08+30
promotional_spends,0.34370159380992005,df_07_comsubs_850030796226,83_comsub_M_NRP1_NSF_NHF_YSto_Nhub_YMS+PRS_AP2+23+07+30+24+08+30
order_interval,0.2865706887447648,df_07_comsubs_850030796226,83_comsub_M_NRP1_NSF_NHF_YSto_Nhub_YMS+PRS_AP2+23+07+30+24+08+30
reg_year,0.1465668747799812,df_07_comsubs_850030796226,83_comsub_M_NRP1_NSF_NHF_YSto_Nhub_YMS+PRS_AP2+23+07+30+24+08+30
age,0.10551597781887376,df_07_comsubs_850030796226,83_comsub_M_NRP1_NSF_NHF_YSto_Nhub_YMS+PRS_AP2+23+07+30+24+08+30
reg_month,0.04854696914348304,df_07_comsubs_850030796226,83_comsub_M_NRP1_NSF_NHF_YSto_Nhub_YMS+PRS_AP2+23+07+30+24+08+30
reg_day_of_year,0.04209660068296845,df_07_comsubs_850030796226,83_comsub_M_NRP1_NSF_NHF_YSto_Nhub_YMS+PRS_AP2+23+07+30+24+08+30
reg_week_of_year,0.027001295020008777,df_07_comsubs_850030796226,83_comsub_M_NRP1_NSF_NHF_YSto_Nhub_YMS+PRS_AP2+23+07+30+24+08+30
stockout_flag,0.0,df_07_comsubs_850030796226,83_comsub_M_NRP1_NSF_NHF_YSto_Nhub_YMS+PRS_AP2+23+07+30+24+08+30
order_interval,0.2581562396210044,df_19_comsubs_850243008345,83_comsub_M_NRP1_NSF_NHF_YSto_Nhub_YMS+PRS_AP2+23+07+30+24+08+30
promotional_spends,0.25775730121408486,df_19_comsubs_850243008345,83_comsub_M_NRP1_NSF_NHF_YSto_Nhub_YMS+PRS_AP2+23+07+30+24+08+30
age,0.2359807082848546,df_19_comsubs_850243008345,83_comsub_M_NRP1_NSF_NHF_YSto_Nhub_YMS+PRS_AP2+23+07+30+24+08+30
reg_day_of_year,0.06530665979973702,df_19_comsubs_850243008345,83_comsub_M_NRP1_NSF_NHF_YSto_Nhub_YMS+PRS_AP2+23+07+30+24+08+30
reg_month,0.058128298869371035,df_19_comsubs_850243008345,83_comsub_M_NRP1_NSF_NHF_YSto_Nhub_YMS+PRS_AP2+23+07+30+24+08+30
reg_week_of_year,0.05302409292943126,df_19_comsubs_850243008345,83_comsub_M_NRP1_NSF_NHF_YSto_Nhub_YMS+PRS_AP2+23+07+30+24+08+30
stockout_flag,0.036542151283703105,df_19_comsubs_850243008345,83_comsub_M_NRP1_NSF_NHF_YSto_Nhub_YMS+PRS_AP2+23+07+30+24+08+30
reg_year,0.03510454799781373,df_19_comsubs_850243008345,83_comsub_M_NRP1_NSF_NHF_YSto_Nhub_YMS+PRS_AP2+23+07+30+24+08+30
promotional_spends,0.36194271727992516,df_45_comsubs_850243008925,83_comsub_M_NRP1_NSF_NHF_YSto_Nhub_YMS+PRS_AP2+23+07+30+24+08+30
order_interval,0.26283782106975484,df_45_comsubs_850243008925,83_comsub_M_NRP1_NSF_NHF_YSto_Nhub_YMS+PRS_AP2+23+07+30+24+08+30
age,0.1961978364214864,df_45_comsubs_850243008925,83_comsub_M_NRP1_NSF_NHF_YSto_Nhub_YMS+PRS_AP2+23+07+30+24+08+30
reg_week_of_year,0.0637470157798647,df_45_comsubs_850243008925,83_comsub_M_NRP1_NSF_NHF_YSto_Nhub_YMS+PRS_AP2+23+07+30+24+08+30
reg_month,0.049524305410635266,df_45_comsubs_850243008925,83_comsub_M_NRP1_NSF_NHF_YSto_Nhub_YMS+PRS_AP2+23+07+30+24+08+30
reg_day_of_year,0.049059321865544625,df_45_comsubs_850243008925,83_comsub_M_NRP1_NSF_NHF_YSto_Nhub_YMS+PRS_AP2+23+07+30+24+08+30
reg_year,0.016690982172789172,df_45_comsubs_850243008925,83_comsub_M_NRP1_NSF_NHF_YSto_Nhub_YMS+PRS_AP2+23+07+30+24+08+30
stockout_flag,0.0,df_45_comsubs_850243008925,83_comsub_M_NRP1_NSF_NHF_YSto_Nhub_YMS+PRS_AP2+23+07+30+24+08+30
platform_spends,0.27874648252325396,df_30_comsubs_850030796202,85_comsub_M_NRP1_NSF_NHF_YSto_Nhub_YMS+PRS+PLS_AP2+23+07+30+24+08+30
order_interval,0.22655936688605294,df_30_comsubs_850030796202,85_comsub_M_NRP1_NSF_NHF_YSto_Nhub_YMS+PRS+PLS_AP2+23+07+30+24+08+30
age,0.15790296561461664,df_30_comsubs_850030796202,85_comsub_M_NRP1_NSF_NHF_YSto_Nhub_YMS+PRS+PLS_AP2+23+07+30+24+08+30
promotional_spends,0.1572467035907006,df_30_comsubs_850030796202,85_comsub_M_NRP1_NSF_NHF_YSto_Nhub_YMS+PRS+PLS_AP2+23+07+30+24+08+30
reg_day_of_year,0.04936035392986753,df_30_comsubs_850030796202,85_comsub_M_NRP1_NSF_NHF_YSto_Nhub_YMS+PRS+PLS_AP2+23+07+30+24+08+30
reg_week_of_year,0.040745225754058055,df_30_comsubs_850030796202,85_comsub_M_NRP1_NSF_NHF_YSto_Nhub_YMS+PRS+PLS_AP2+23+07+30+24+08+30
reg_month,0.0404049744543725,df_30_comsubs_850030796202,85_comsub_M_NRP1_NSF_NHF_YSto_Nhub_YMS+PRS+PLS_AP2+23+07+30+24+08+30
stockout_flag,0.027475180179068703,df_30_comsubs_850030796202,85_comsub_M_NRP1_NSF_NHF_YSto_Nhub_YMS+PRS+PLS_AP2+23+07+30+24+08+30
reg_year,0.021558747068009202,df_30_comsubs_850030796202,85_comsub_M_NRP1_NSF_NHF_YSto_Nhub_YMS+PRS+PLS_AP2+23+07+30+24+08+30
order_interval,0.23206451231105765,df_24_comsubs_850014080730,86_comsub_M_NRP1_YSF_YHF_YSto_Yhub_YMS+PRS+PLS_AP2+23+07+30+24+08+30
age,0.23023156663815722,df_24_comsubs_850014080730,86_comsub_M_NRP1_YSF_YHF_YSto_Yhub_YMS+PRS+PLS_AP2+23+07+30+24+08+30
promotional_spends,0.08063673461241265,df_24_comsubs_850014080730,86_comsub_M_NRP1_YSF_YHF_YSto_Yhub_YMS+PRS+PLS_AP2+23+07+30+24+08+30
reg_day_of_year,0.07738687963565218,df_24_comsubs_850014080730,86_comsub_M_NRP1_YSF_YHF_YSto_Yhub_YMS+PRS+PLS_AP2+23+07+30+24+08+30
stockout_flag,0.07381292345387266,df_24_comsubs_850014080730,86_comsub_M_NRP1_YSF_YHF_YSto_Yhub_YMS+PRS+PLS_AP2+23+07+30+24+08+30
reg_month,0.06364655591663011,df_24_comsubs_850014080730,86_comsub_M_NRP1_YSF_YHF_YSto_Yhub_YMS+PRS+PLS_AP2+23+07+30+24+08+30
platform_spends,0.06114813514655627,df_24_comsubs_850014080730,86_comsub_M_NRP1_YSF_YHF_YSto_Yhub_YMS+PRS+PLS_AP2+23+07+30+24+08+30
reg_week_of_year,0.060235764906522576,df_24_comsubs_850014080730,86_comsub_M_NRP1_YSF_YHF_YSto_Yhub_YMS+PRS+PLS_AP2+23+07+30+24+08+30
sales_flag,0.04719851393927638,df_24_comsubs_850014080730,86_comsub_M_NRP1_YSF_YHF_YSto_Yhub_YMS+PRS+PLS_AP2+23+07+30+24+08+30
negative_effect,0.03665291356138373,df_24_comsubs_850014080730,86_comsub_M_NRP1_YSF_YHF_YSto_Yhub_YMS+PRS+PLS_AP2+23+07+30+24+08+30
holiday_flag,0.02423568680245417,df_24_comsubs_850014080730,86_comsub_M_NRP1_YSF_YHF_YSto_Yhub_YMS+PRS+PLS_AP2+23+07+30+24+08+30
reg_year,0.012749813076024526,df_24_comsubs_850014080730,86_comsub_M_NRP1_YSF_YHF_YSto_Yhub_YMS+PRS+PLS_AP2+23+07+30+24+08+30
promotional_spends,0.26904058400694036,df_31_comsubs_850243008109,86_comsub_M_NRP1_YSF_YHF_YSto_Yhub_YMS+PRS+PLS_AP2+23+07+30+24+08+30
platform_spends,0.22129565036357107,df_31_comsubs_850243008109,86_comsub_M_NRP1_YSF_YHF_YSto_Yhub_YMS+PRS+PLS_AP2+23+07+30+24+08+30
order_interval,0.20413109657687684,df_31_comsubs_850243008109,86_comsub_M_NRP1_YSF_YHF_YSto_Yhub_YMS+PRS+PLS_AP2+23+07+30+24+08+30
negative_effect,0.1129532006897163,df_31_comsubs_850243008109,86_comsub_M_NRP1_YSF_YHF_YSto_Yhub_YMS+PRS+PLS_AP2+23+07+30+24+08+30
reg_week_of_year,0.051023057876123205,df_31_comsubs_850243008109,86_comsub_M_NRP1_YSF_YHF_YSto_Yhub_YMS+PRS+PLS_AP2+23+07+30+24+08+30
reg_month,0.044119115153019695,df_31_comsubs_850243008109,86_comsub_M_NRP1_YSF_YHF_YSto_Yhub_YMS+PRS+PLS_AP2+23+07+30+24+08+30
age,0.03548678950422053,df_31_comsubs_850243008109,86_comsub_M_NRP1_YSF_YHF_YSto_Yhub_YMS+PRS+PLS_AP2+23+07+30+24+08+30
reg_day_of_year,0.03336264921069213,df_31_comsubs_850243008109,86_comsub_M_NRP1_YSF_YHF_YSto_Yhub_YMS+PRS+PLS_AP2+23+07+30+24+08+30
holiday_flag,0.016197406524478968,df_31_comsubs_850243008109,86_comsub_M_NRP1_YSF_YHF_YSto_Yhub_YMS+PRS+PLS_AP2+23+07+30+24+08+30
reg_year,0.010466390208042528,df_31_comsubs_850243008109,86_comsub_M_NRP1_YSF_YHF_YSto_Yhub_YMS+PRS+PLS_AP2+23+07+30+24+08+30
sales_flag,0.00192405988631846,df_31_comsubs_850243008109,86_comsub_M_NRP1_YSF_YHF_YSto_Yhub_YMS+PRS+PLS_AP2+23+07+30+24+08+30
stockout_flag,0.0,df_31_comsubs_850243008109,86_comsub_M_NRP1_YSF_YHF_YSto_Yhub_YMS+PRS+PLS_AP2+23+07+30+24+08+30
order_interval,0.3375927485278433,df_37_comsubs_850030796073,86_comsub_M_NRP1_YSF_YHF_YSto_Yhub_YMS+PRS+PLS_AP2+23+07+30+24+08+30
age,0.2933726618906158,df_37_comsubs_850030796073,86_comsub_M_NRP1_YSF_YHF_YSto_Yhub_YMS+PRS+PLS_AP2+23+07+30+24+08+30
platform_spends,0.16303019377888422,df_37_comsubs_850030796073,86_comsub_M_NRP1_YSF_YHF_YSto_Yhub_YMS+PRS+PLS_AP2+23+07+30+24+08+30
promotional_spends,0.09814979869238893,df_37_comsubs_850030796073,86_comsub_M_NRP1_YSF_YHF_YSto_Yhub_YMS+PRS+PLS_AP2+23+07+30+24+08+30
negative_effect,0.025330334678764322,df_37_comsubs_850030796073,86_comsub_M_NRP1_YSF_YHF_YSto_Yhub_YMS+PRS+PLS_AP2+23+07+30+24+08+30
reg_day_of_year,0.021384254306670954,df_37_comsubs_850030796073,86_comsub_M_NRP1_YSF_YHF_YSto_Yhub_YMS+PRS+PLS_AP2+23+07+30+24+08+30
reg_week_of_year,0.020471237571875602,df_37_comsubs_850030796073,86_comsub_M_NRP1_YSF_YHF_YSto_Yhub_YMS+PRS+PLS_AP2+23+07+30+24+08+30
reg_month,0.018098362097136986,df_37_comsubs_850030796073,86_comsub_M_NRP1_YSF_YHF_YSto_Yhub_YMS+PRS+PLS_AP2+23+07+30+24+08+30
reg_year,0.011900211981637291,df_37_comsubs_850030796073,86_comsub_M_NRP1_YSF_YHF_YSto_Yhub_YMS+PRS+PLS_AP2+23+07+30+24+08+30
holiday_flag,0.008599987851144244,df_37_comsubs_850030796073,86_comsub_M_NRP1_YSF_YHF_YSto_Yhub_YMS+PRS+PLS_AP2+23+07+30+24+08+30
sales_flag,0.002070208623038421,df_37_comsubs_850030796073,86_comsub_M_NRP1_YSF_YHF_YSto_Yhub_YMS+PRS+PLS_AP2+23+07+30+24+08+30
stockout_flag,0.0,df_37_comsubs_850030796073,86_comsub_M_NRP1_YSF_YHF_YSto_Yhub_YMS+PRS+PLS_AP2+23+07+30+24+08+30
promotional_spends,0.30382096873295544,df_39_comsubs_850243008970,86_comsub_M_NRP1_YSF_YHF_YSto_Yhub_YMS+PRS+PLS_AP2+23+07+30+24+08+30
order_interval,0.201851175543128,df_39_comsubs_850243008970,86_comsub_M_NRP1_YSF_YHF_YSto_Yhub_YMS+PRS+PLS_AP2+23+07+30+24+08+30
age,0.18433534987555805,df_39_comsubs_850243008970,86_comsub_M_NRP1_YSF_YHF_YSto_Yhub_YMS+PRS+PLS_AP2+23+07+30+24+08+30
platform_spends,0.15692242722506475,df_39_comsubs_850243008970,86_comsub_M_NRP1_YSF_YHF_YSto_Yhub_YMS+PRS+PLS_AP2+23+07+30+24+08+30
negative_effect,0.05743053773343832,df_39_comsubs_850243008970,86_comsub_M_NRP1_YSF_YHF_YSto_Yhub_YMS+PRS+PLS_AP2+23+07+30+24+08+30
reg_week_of_year,0.021655166386813054,df_39_comsubs_850243008970,86_comsub_M_NRP1_YSF_YHF_YSto_Yhub_YMS+PRS+PLS_AP2+23+07+30+24+08+30
reg_day_of_year,0.021073601772236775,df_39_comsubs_850243008970,86_comsub_M_NRP1_YSF_YHF_YSto_Yhub_YMS+PRS+PLS_AP2+23+07+30+24+08+30
reg_month,0.02024314521063894,df_39_comsubs_850243008970,86_comsub_M_NRP1_YSF_YHF_YSto_Yhub_YMS+PRS+PLS_AP2+23+07+30+24+08+30
sales_flag,0.01598215863686221,df_39_comsubs_850243008970,86_comsub_M_NRP1_YSF_YHF_YSto_Yhub_YMS+PRS+PLS_AP2+23+07+30+24+08+30
holiday_flag,0.010296133981958683,df_39_comsubs_850243008970,86_comsub_M_NRP1_YSF_YHF_YSto_Yhub_YMS+PRS+PLS_AP2+23+07+30+24+08+30
reg_year,0.006389334901345844,df_39_comsubs_850243008970,86_comsub_M_NRP1_YSF_YHF_YSto_Yhub_YMS+PRS+PLS_AP2+23+07+30+24+08+30
stockout_flag,0.0,df_39_comsubs_850243008970,86_comsub_M_NRP1_YSF_YHF_YSto_Yhub_YMS+PRS+PLS_AP2+23+07+30+24+08+30
